Categories,Cities,Categories-Cities
gutter cleaning,Sacramento,gutter cleaning sacramento ca
gutter cleaning,Roseville,gutter cleaning roseville ca
gutter cleaning,Folsom,gutter cleaning folsom ca
gutter cleaning,Elk Grove,gutter cleaning elk grove ca
gutter cleaning,Citrus Heights,gutter cleaning citrus heights ca
gutter cleaning,Rocklin,gutter cleaning rocklin ca
gutter cleaning,Lincoln,gutter cleaning lincoln ca
gutter cleaning,Davis,gutter cleaning davis ca
gutter cleaning,West Sacramento,gutter cleaning west sacramento ca
gutter cleaning,Rancho Cordova,gutter cleaning rancho cordova ca
gutter cleaning,Fair Oaks,gutter cleaning fair oaks ca
gutter cleaning,Carmichael,gutter cleaning carmichael ca
gutter cleaning,Orangevale,gutter cleaning orangevale ca
gutter cleaning,Granite Bay,gutter cleaning granite bay ca
gutter cleaning,Antelope,gutter cleaning antelope ca
gutter cleaning,Galt,gutter cleaning galt ca
gutter cleaning,Woodland,gutter cleaning woodland ca
gutter cleaning,Placerville,gutter cleaning placerville ca
gutter cleaning,Auburn,gutter cleaning auburn ca
gutter cleaning,Loomis,gutter cleaning loomis ca
gutter cleaning,Colfax,gutter cleaning colfax ca
gutter cleaning,Isleton,gutter cleaning isleton ca
gutter cleaning,Rio Vista,gutter cleaning rio vista ca
gutter cleaning,North Highlands,gutter cleaning north highlands ca
door repair,Sacramento,door repair sacramento ca
door repair,Roseville,door repair roseville ca
door repair,Folsom,door repair folsom ca
door repair,Elk Grove,door repair elk grove ca
door repair,Citrus Heights,door repair citrus heights ca
door repair,Rocklin,door repair rocklin ca
door repair,Lincoln,door repair lincoln ca
door repair,Davis,door repair davis ca
door repair,West Sacramento,door repair west sacramento ca
door repair,Rancho Cordova,door repair rancho cordova ca
door repair,Fair Oaks,door repair fair oaks ca
door repair,Carmichael,door repair carmichael ca
door repair,Orangevale,door repair orangevale ca
door repair,Granite Bay,door repair granite bay ca
door repair,Antelope,door repair antelope ca
door repair,Galt,door repair galt ca
door repair,Woodland,door repair woodland ca
door repair,Placerville,door repair placerville ca
door repair,Auburn,door repair auburn ca
door repair,Loomis,door repair loomis ca
door repair,Colfax,door repair colfax ca
door repair,Isleton,door repair isleton ca
door repair,Rio Vista,door repair rio vista ca
door repair,North Highlands,door repair north highlands ca
furniture assembly,Sacramento,furniture assembly sacramento ca
furniture assembly,Roseville,furniture assembly roseville ca
furniture assembly,Folsom,furniture assembly folsom ca
furniture assembly,Elk Grove,furniture assembly elk grove ca
furniture assembly,Citrus Heights,furniture assembly citrus heights ca
furniture assembly,Rocklin,furniture assembly rocklin ca
furniture assembly,Lincoln,furniture assembly lincoln ca
furniture assembly,Davis,furniture assembly davis ca
furniture assembly,West Sacramento,furniture assembly west sacramento ca
furniture assembly,Rancho Cordova,furniture assembly rancho cordova ca
furniture assembly,Fair Oaks,furniture assembly fair oaks ca
furniture assembly,Carmichael,furniture assembly carmichael ca
furniture assembly,Orangevale,furniture assembly orangevale ca
furniture assembly,Granite Bay,furniture assembly granite bay ca
furniture assembly,Antelope,furniture assembly antelope ca
furniture assembly,Galt,furniture assembly galt ca
furniture assembly,Woodland,furniture assembly woodland ca
furniture assembly,Placerville,furniture assembly placerville ca
furniture assembly,Auburn,furniture assembly auburn ca
furniture assembly,Loomis,furniture assembly loomis ca
furniture assembly,Colfax,furniture assembly colfax ca
furniture assembly,Isleton,furniture assembly isleton ca
furniture assembly,Rio Vista,furniture assembly rio vista ca
furniture assembly,North Highlands,furniture assembly north highlands ca
ceiling fan installation,Sacramento,ceiling fan installation sacramento ca
ceiling fan installation,Roseville,ceiling fan installation roseville ca
ceiling fan installation,Folsom,ceiling fan installation folsom ca
ceiling fan installation,Elk Grove,ceiling fan installation elk grove ca
ceiling fan installation,Citrus Heights,ceiling fan installation citrus heights ca
ceiling fan installation,Rocklin,ceiling fan installation rocklin ca
ceiling fan installation,Lincoln,ceiling fan installation lincoln ca
ceiling fan installation,Davis,ceiling fan installation davis ca
ceiling fan installation,West Sacramento,ceiling fan installation west sacramento ca
ceiling fan installation,Rancho Cordova,ceiling fan installation rancho cordova ca
ceiling fan installation,Fair Oaks,ceiling fan installation fair oaks ca
ceiling fan installation,Carmichael,ceiling fan installation carmichael ca
ceiling fan installation,Orangevale,ceiling fan installation orangevale ca
ceiling fan installation,Granite Bay,ceiling fan installation granite bay ca
ceiling fan installation,Antelope,ceiling fan installation antelope ca
ceiling fan installation,Galt,ceiling fan installation galt ca
ceiling fan installation,Woodland,ceiling fan installation woodland ca
ceiling fan installation,Placerville,ceiling fan installation placerville ca
ceiling fan installation,Auburn,ceiling fan installation auburn ca
ceiling fan installation,Loomis,ceiling fan installation loomis ca
ceiling fan installation,Colfax,ceiling fan installation colfax ca
ceiling fan installation,Isleton,ceiling fan installation isleton ca
ceiling fan installation,Rio Vista,ceiling fan installation rio vista ca
ceiling fan installation,North Highlands,ceiling fan installation north highlands ca
drywall repair,Sacramento,drywall repair sacramento ca
drywall repair,Roseville,drywall repair roseville ca
drywall repair,Folsom,drywall repair folsom ca
drywall repair,Elk Grove,drywall repair elk grove ca
drywall repair,Citrus Heights,drywall repair citrus heights ca
drywall repair,Rocklin,drywall repair rocklin ca
drywall repair,Lincoln,drywall repair lincoln ca
drywall repair,Davis,drywall repair davis ca
drywall repair,West Sacramento,drywall repair west sacramento ca
drywall repair,Rancho Cordova,drywall repair rancho cordova ca
drywall repair,Fair Oaks,drywall repair fair oaks ca
drywall repair,Carmichael,drywall repair carmichael ca
drywall repair,Orangevale,drywall repair orangevale ca
drywall repair,Granite Bay,drywall repair granite bay ca
drywall repair,Antelope,drywall repair antelope ca
drywall repair,Galt,drywall repair galt ca
drywall repair,Woodland,drywall repair woodland ca
drywall repair,Placerville,drywall repair placerville ca
drywall repair,Auburn,drywall repair auburn ca
drywall repair,Loomis,drywall repair loomis ca
drywall repair,Colfax,drywall repair colfax ca
drywall repair,Isleton,drywall repair isleton ca
drywall repair,Rio Vista,drywall repair rio vista ca
drywall repair,North Highlands,drywall repair north highlands ca
tile installation,Sacramento,tile installation sacramento ca
tile installation,Roseville,tile installation roseville ca
tile installation,Folsom,tile installation folsom ca
tile installation,Elk Grove,tile installation elk grove ca
tile installation,Citrus Heights,tile installation citrus heights ca
tile installation,Rocklin,tile installation rocklin ca
tile installation,Lincoln,tile installation lincoln ca
tile installation,Davis,tile installation davis ca
tile installation,West Sacramento,tile installation west sacramento ca
tile installation,Rancho Cordova,tile installation rancho cordova ca
tile installation,Fair Oaks,tile installation fair oaks ca
tile installation,Carmichael,tile installation carmichael ca
tile installation,Orangevale,tile installation orangevale ca
tile installation,Granite Bay,tile installation granite bay ca
tile installation,Antelope,tile installation antelope ca
tile installation,Galt,tile installation galt ca
tile installation,Woodland,tile installation woodland ca
tile installation,Placerville,tile installation placerville ca
tile installation,Auburn,tile installation auburn ca
tile installation,Loomis,tile installation loomis ca
tile installation,Colfax,tile installation colfax ca
tile installation,Isleton,tile installation isleton ca
tile installation,Rio Vista,tile installation rio vista ca
tile installation,North Highlands,tile installation north highlands ca
faucet repair,Sacramento,faucet repair sacramento ca
faucet repair,Roseville,faucet repair roseville ca
faucet repair,Folsom,faucet repair folsom ca
faucet repair,Elk Grove,faucet repair elk grove ca
faucet repair,Citrus Heights,faucet repair citrus heights ca
faucet repair,Rocklin,faucet repair rocklin ca
faucet repair,Lincoln,faucet repair lincoln ca
faucet repair,Davis,faucet repair davis ca
faucet repair,West Sacramento,faucet repair west sacramento ca
faucet repair,Rancho Cordova,faucet repair rancho cordova ca
faucet repair,Fair Oaks,faucet repair fair oaks ca
faucet repair,Carmichael,faucet repair carmichael ca
faucet repair,Orangevale,faucet repair orangevale ca
faucet repair,Granite Bay,faucet repair granite bay ca
faucet repair,Antelope,faucet repair antelope ca
faucet repair,Galt,faucet repair galt ca
faucet repair,Woodland,faucet repair woodland ca
faucet repair,Placerville,faucet repair placerville ca
faucet repair,Auburn,faucet repair auburn ca
faucet repair,Loomis,faucet repair loomis ca
faucet repair,Colfax,faucet repair colfax ca
faucet repair,Isleton,faucet repair isleton ca
faucet repair,Rio Vista,faucet repair rio vista ca
faucet repair,North Highlands,faucet repair north highlands ca
lighting fixture installation,Sacramento,lighting fixture installation sacramento ca
lighting fixture installation,Roseville,lighting fixture installation roseville ca
lighting fixture installation,Folsom,lighting fixture installation folsom ca
lighting fixture installation,Elk Grove,lighting fixture installation elk grove ca
lighting fixture installation,Citrus Heights,lighting fixture installation citrus heights ca
lighting fixture installation,Rocklin,lighting fixture installation rocklin ca
lighting fixture installation,Lincoln,lighting fixture installation lincoln ca
lighting fixture installation,Davis,lighting fixture installation davis ca
lighting fixture installation,West Sacramento,lighting fixture installation west sacramento ca
lighting fixture installation,Rancho Cordova,lighting fixture installation rancho cordova ca
lighting fixture installation,Fair Oaks,lighting fixture installation fair oaks ca
lighting fixture installation,Carmichael,lighting fixture installation carmichael ca
lighting fixture installation,Orangevale,lighting fixture installation orangevale ca
lighting fixture installation,Granite Bay,lighting fixture installation granite bay ca
lighting fixture installation,Antelope,lighting fixture installation antelope ca
lighting fixture installation,Galt,lighting fixture installation galt ca
lighting fixture installation,Woodland,lighting fixture installation woodland ca
lighting fixture installation,Placerville,lighting fixture installation placerville ca
lighting fixture installation,Auburn,lighting fixture installation auburn ca
lighting fixture installation,Loomis,lighting fixture installation loomis ca
lighting fixture installation,Colfax,lighting fixture installation colfax ca
lighting fixture installation,Isleton,lighting fixture installation isleton ca
lighting fixture installation,Rio Vista,lighting fixture installation rio vista ca
lighting fixture installation,North Highlands,lighting fixture installation north highlands ca
toilet repair,Sacramento,toilet repair sacramento ca
toilet repair,Roseville,toilet repair roseville ca
toilet repair,Folsom,toilet repair folsom ca
toilet repair,Elk Grove,toilet repair elk grove ca
toilet repair,Citrus Heights,toilet repair citrus heights ca
toilet repair,Rocklin,toilet repair rocklin ca
toilet repair,Lincoln,toilet repair lincoln ca
toilet repair,Davis,toilet repair davis ca
toilet repair,West Sacramento,toilet repair west sacramento ca
toilet repair,Rancho Cordova,toilet repair rancho cordova ca
toilet repair,Fair Oaks,toilet repair fair oaks ca
toilet repair,Carmichael,toilet repair carmichael ca
toilet repair,Orangevale,toilet repair orangevale ca
toilet repair,Granite Bay,toilet repair granite bay ca
toilet repair,Antelope,toilet repair antelope ca
toilet repair,Galt,toilet repair galt ca
toilet repair,Woodland,toilet repair woodland ca
toilet repair,Placerville,toilet repair placerville ca
toilet repair,Auburn,toilet repair auburn ca
toilet repair,Loomis,toilet repair loomis ca
toilet repair,Colfax,toilet repair colfax ca
toilet repair,Isleton,toilet repair isleton ca
toilet repair,Rio Vista,toilet repair rio vista ca
toilet repair,North Highlands,toilet repair north highlands ca
pressure washing,Sacramento,pressure washing sacramento ca
pressure washing,Roseville,pressure washing roseville ca
pressure washing,Folsom,pressure washing folsom ca
pressure washing,Elk Grove,pressure washing elk grove ca
pressure washing,Citrus Heights,pressure washing citrus heights ca
pressure washing,Rocklin,pressure washing rocklin ca
pressure washing,Lincoln,pressure washing lincoln ca
pressure washing,Davis,pressure washing davis ca
pressure washing,West Sacramento,pressure washing west sacramento ca
pressure washing,Rancho Cordova,pressure washing rancho cordova ca
pressure washing,Fair Oaks,pressure washing fair oaks ca
pressure washing,Carmichael,pressure washing carmichael ca
pressure washing,Orangevale,pressure washing orangevale ca
pressure washing,Granite Bay,pressure washing granite bay ca
pressure washing,Antelope,pressure washing antelope ca
pressure washing,Galt,pressure washing galt ca
pressure washing,Woodland,pressure washing woodland ca
pressure washing,Placerville,pressure washing placerville ca
pressure washing,Auburn,pressure washing auburn ca
pressure washing,Loomis,pressure washing loomis ca
pressure washing,Colfax,pressure washing colfax ca
pressure washing,Isleton,pressure washing isleton ca
pressure washing,Rio Vista,pressure washing rio vista ca
pressure washing,North Highlands,pressure washing north highlands ca
deck repair,Sacramento,deck repair sacramento ca
deck repair,Roseville,deck repair roseville ca
deck repair,Folsom,deck repair folsom ca
deck repair,Elk Grove,deck repair elk grove ca
deck repair,Citrus Heights,deck repair citrus heights ca
deck repair,Rocklin,deck repair rocklin ca
deck repair,Lincoln,deck repair lincoln ca
deck repair,Davis,deck repair davis ca
deck repair,West Sacramento,deck repair west sacramento ca
deck repair,Rancho Cordova,deck repair rancho cordova ca
deck repair,Fair Oaks,deck repair fair oaks ca
deck repair,Carmichael,deck repair carmichael ca
deck repair,Orangevale,deck repair orangevale ca
deck repair,Granite Bay,deck repair granite bay ca
deck repair,Antelope,deck repair antelope ca
deck repair,Galt,deck repair galt ca
deck repair,Woodland,deck repair woodland ca
deck repair,Placerville,deck repair placerville ca
deck repair,Auburn,deck repair auburn ca
deck repair,Loomis,deck repair loomis ca
deck repair,Colfax,deck repair colfax ca
deck repair,Isleton,deck repair isleton ca
deck repair,Rio Vista,deck repair rio vista ca
deck repair,North Highlands,deck repair north highlands ca
painting services,Sacramento,painting services sacramento ca
painting services,Roseville,painting services roseville ca
painting services,Folsom,painting services folsom ca
painting services,Elk Grove,painting services elk grove ca
painting services,Citrus Heights,painting services citrus heights ca
painting services,Rocklin,painting services rocklin ca
painting services,Lincoln,painting services lincoln ca
painting services,Davis,painting services davis ca
painting services,West Sacramento,painting services west sacramento ca
painting services,Rancho Cordova,painting services rancho cordova ca
painting services,Fair Oaks,painting services fair oaks ca
painting services,Carmichael,painting services carmichael ca
painting services,Orangevale,painting services orangevale ca
painting services,Granite Bay,painting services granite bay ca
painting services,Antelope,painting services antelope ca
painting services,Galt,painting services galt ca
painting services,Woodland,painting services woodland ca
painting services,Placerville,painting services placerville ca
painting services,Auburn,painting services auburn ca
painting services,Loomis,painting services loomis ca
painting services,Colfax,painting services colfax ca
painting services,Isleton,painting services isleton ca
painting services,Rio Vista,painting services rio vista ca
painting services,North Highlands,painting services north highlands ca
flooring installation,Sacramento,flooring installation sacramento ca
flooring installation,Roseville,flooring installation roseville ca
flooring installation,Folsom,flooring installation folsom ca
flooring installation,Elk Grove,flooring installation elk grove ca
flooring installation,Citrus Heights,flooring installation citrus heights ca
flooring installation,Rocklin,flooring installation rocklin ca
flooring installation,Lincoln,flooring installation lincoln ca
flooring installation,Davis,flooring installation davis ca
flooring installation,West Sacramento,flooring installation west sacramento ca
flooring installation,Rancho Cordova,flooring installation rancho cordova ca
flooring installation,Fair Oaks,flooring installation fair oaks ca
flooring installation,Carmichael,flooring installation carmichael ca
flooring installation,Orangevale,flooring installation orangevale ca
flooring installation,Granite Bay,flooring installation granite bay ca
flooring installation,Antelope,flooring installation antelope ca
flooring installation,Galt,flooring installation galt ca
flooring installation,Woodland,flooring installation woodland ca
flooring installation,Placerville,flooring installation placerville ca
flooring installation,Auburn,flooring installation auburn ca
flooring installation,Loomis,flooring installation loomis ca
flooring installation,Colfax,flooring installation colfax ca
flooring installation,Isleton,flooring installation isleton ca
flooring installation,Rio Vista,flooring installation rio vista ca
flooring installation,North Highlands,flooring installation north highlands ca
window repair,Sacramento,window repair sacramento ca
window repair,Roseville,window repair roseville ca
window repair,Folsom,window repair folsom ca
window repair,Elk Grove,window repair elk grove ca
window repair,Citrus Heights,window repair citrus heights ca
window repair,Rocklin,window repair rocklin ca
window repair,Lincoln,window repair lincoln ca
window repair,Davis,window repair davis ca
window repair,West Sacramento,window repair west sacramento ca
window repair,Rancho Cordova,window repair rancho cordova ca
window repair,Fair Oaks,window repair fair oaks ca
window repair,Carmichael,window repair carmichael ca
window repair,Orangevale,window repair orangevale ca
window repair,Granite Bay,window repair granite bay ca
window repair,Antelope,window repair antelope ca
window repair,Galt,window repair galt ca
window repair,Woodland,window repair woodland ca
window repair,Placerville,window repair placerville ca
window repair,Auburn,window repair auburn ca
window repair,Loomis,window repair loomis ca
window repair,Colfax,window repair colfax ca
window repair,Isleton,window repair isleton ca
window repair,Rio Vista,window repair rio vista ca
window repair,North Highlands,window repair north highlands ca
cabinet installation,Sacramento,cabinet installation sacramento ca
cabinet installation,Roseville,cabinet installation roseville ca
cabinet installation,Folsom,cabinet installation folsom ca
cabinet installation,Elk Grove,cabinet installation elk grove ca
cabinet installation,Citrus Heights,cabinet installation citrus heights ca
cabinet installation,Rocklin,cabinet installation rocklin ca
cabinet installation,Lincoln,cabinet installation lincoln ca
cabinet installation,Davis,cabinet installation davis ca
cabinet installation,West Sacramento,cabinet installation west sacramento ca
cabinet installation,Rancho Cordova,cabinet installation rancho cordova ca
cabinet installation,Fair Oaks,cabinet installation fair oaks ca
cabinet installation,Carmichael,cabinet installation carmichael ca
cabinet installation,Orangevale,cabinet installation orangevale ca
cabinet installation,Granite Bay,cabinet installation granite bay ca
cabinet installation,Antelope,cabinet installation antelope ca
cabinet installation,Galt,cabinet installation galt ca
cabinet installation,Woodland,cabinet installation woodland ca
cabinet installation,Placerville,cabinet installation placerville ca
cabinet installation,Auburn,cabinet installation auburn ca
cabinet installation,Loomis,cabinet installation loomis ca
cabinet installation,Colfax,cabinet installation colfax ca
cabinet installation,Isleton,cabinet installation isleton ca
cabinet installation,Rio Vista,cabinet installation rio vista ca
cabinet installation,North Highlands,cabinet installation north highlands ca
appliance installation,Sacramento,appliance installation sacramento ca
appliance installation,Roseville,appliance installation roseville ca
appliance installation,Folsom,appliance installation folsom ca
appliance installation,Elk Grove,appliance installation elk grove ca
appliance installation,Citrus Heights,appliance installation citrus heights ca
appliance installation,Rocklin,appliance installation rocklin ca
appliance installation,Lincoln,appliance installation lincoln ca
appliance installation,Davis,appliance installation davis ca
appliance installation,West Sacramento,appliance installation west sacramento ca
appliance installation,Rancho Cordova,appliance installation rancho cordova ca
appliance installation,Fair Oaks,appliance installation fair oaks ca
appliance installation,Carmichael,appliance installation carmichael ca
appliance installation,Orangevale,appliance installation orangevale ca
appliance installation,Granite Bay,appliance installation granite bay ca
appliance installation,Antelope,appliance installation antelope ca
appliance installation,Galt,appliance installation galt ca
appliance installation,Woodland,appliance installation woodland ca
appliance installation,Placerville,appliance installation placerville ca
appliance installation,Auburn,appliance installation auburn ca
appliance installation,Loomis,appliance installation loomis ca
appliance installation,Colfax,appliance installation colfax ca
appliance installation,Isleton,appliance installation isleton ca
appliance installation,Rio Vista,appliance installation rio vista ca
appliance installation,North Highlands,appliance installation north highlands ca
garage door repair,Sacramento,garage door repair sacramento ca
garage door repair,Roseville,garage door repair roseville ca
garage door repair,Folsom,garage door repair folsom ca
garage door repair,Elk Grove,garage door repair elk grove ca
garage door repair,Citrus Heights,garage door repair citrus heights ca
garage door repair,Rocklin,garage door repair rocklin ca
garage door repair,Lincoln,garage door repair lincoln ca
garage door repair,Davis,garage door repair davis ca
garage door repair,West Sacramento,garage door repair west sacramento ca
garage door repair,Rancho Cordova,garage door repair rancho cordova ca
garage door repair,Fair Oaks,garage door repair fair oaks ca
garage door repair,Carmichael,garage door repair carmichael ca
garage door repair,Orangevale,garage door repair orangevale ca
garage door repair,Granite Bay,garage door repair granite bay ca
garage door repair,Antelope,garage door repair antelope ca
garage door repair,Galt,garage door repair galt ca
garage door repair,Woodland,garage door repair woodland ca
garage door repair,Placerville,garage door repair placerville ca
garage door repair,Auburn,garage door repair auburn ca
garage door repair,Loomis,garage door repair loomis ca
garage door repair,Colfax,garage door repair colfax ca
garage door repair,Isleton,garage door repair isleton ca
garage door repair,Rio Vista,garage door repair rio vista ca
garage door repair,North Highlands,garage door repair north highlands ca
siding repair,Sacramento,siding repair sacramento ca
siding repair,Roseville,siding repair roseville ca
siding repair,Folsom,siding repair folsom ca
siding repair,Elk Grove,siding repair elk grove ca
siding repair,Citrus Heights,siding repair citrus heights ca
siding repair,Rocklin,siding repair rocklin ca
siding repair,Lincoln,siding repair lincoln ca
siding repair,Davis,siding repair davis ca
siding repair,West Sacramento,siding repair west sacramento ca
siding repair,Rancho Cordova,siding repair rancho cordova ca
siding repair,Fair Oaks,siding repair fair oaks ca
siding repair,Carmichael,siding repair carmichael ca
siding repair,Orangevale,siding repair orangevale ca
siding repair,Granite Bay,siding repair granite bay ca
siding repair,Antelope,siding repair antelope ca
siding repair,Galt,siding repair galt ca
siding repair,Woodland,siding repair woodland ca
siding repair,Placerville,siding repair placerville ca
siding repair,Auburn,siding repair auburn ca
siding repair,Loomis,siding repair loomis ca
siding repair,Colfax,siding repair colfax ca
siding repair,Isleton,siding repair isleton ca
siding repair,Rio Vista,siding repair rio vista ca
siding repair,North Highlands,siding repair north highlands ca
grout repair,Sacramento,grout repair sacramento ca
grout repair,Roseville,grout repair roseville ca
grout repair,Folsom,grout repair folsom ca
grout repair,Elk Grove,grout repair elk grove ca
grout repair,Citrus Heights,grout repair citrus heights ca
grout repair,Rocklin,grout repair rocklin ca
grout repair,Lincoln,grout repair lincoln ca
grout repair,Davis,grout repair davis ca
grout repair,West Sacramento,grout repair west sacramento ca
grout repair,Rancho Cordova,grout repair rancho cordova ca
grout repair,Fair Oaks,grout repair fair oaks ca
grout repair,Carmichael,grout repair carmichael ca
grout repair,Orangevale,grout repair orangevale ca
grout repair,Granite Bay,grout repair granite bay ca
grout repair,Antelope,grout repair antelope ca
grout repair,Galt,grout repair galt ca
grout repair,Woodland,grout repair woodland ca
grout repair,Placerville,grout repair placerville ca
grout repair,Auburn,grout repair auburn ca
grout repair,Loomis,grout repair loomis ca
grout repair,Colfax,grout repair colfax ca
grout repair,Isleton,grout repair isleton ca
grout repair,Rio Vista,grout repair rio vista ca
grout repair,North Highlands,grout repair north highlands ca
weatherproofing,Sacramento,weatherproofing sacramento ca
weatherproofing,Roseville,weatherproofing roseville ca
weatherproofing,Folsom,weatherproofing folsom ca
weatherproofing,Elk Grove,weatherproofing elk grove ca
weatherproofing,Citrus Heights,weatherproofing citrus heights ca
weatherproofing,Rocklin,weatherproofing rocklin ca
weatherproofing,Lincoln,weatherproofing lincoln ca
weatherproofing,Davis,weatherproofing davis ca
weatherproofing,West Sacramento,weatherproofing west sacramento ca
weatherproofing,Rancho Cordova,weatherproofing rancho cordova ca
weatherproofing,Fair Oaks,weatherproofing fair oaks ca
weatherproofing,Carmichael,weatherproofing carmichael ca
weatherproofing,Orangevale,weatherproofing orangevale ca
weatherproofing,Granite Bay,weatherproofing granite bay ca
weatherproofing,Antelope,weatherproofing antelope ca
weatherproofing,Galt,weatherproofing galt ca
weatherproofing,Woodland,weatherproofing woodland ca
weatherproofing,Placerville,weatherproofing placerville ca
weatherproofing,Auburn,weatherproofing auburn ca
weatherproofing,Loomis,weatherproofing loomis ca
weatherproofing,Colfax,weatherproofing colfax ca
weatherproofing,Isleton,weatherproofing isleton ca
weatherproofing,Rio Vista,weatherproofing rio vista ca
weatherproofing,North Highlands,weatherproofing north highlands ca
caulking services,Sacramento,caulking services sacramento ca
caulking services,Roseville,caulking services roseville ca
caulking services,Folsom,caulking services folsom ca
caulking services,Elk Grove,caulking services elk grove ca
caulking services,Citrus Heights,caulking services citrus heights ca
caulking services,Rocklin,caulking services rocklin ca
caulking services,Lincoln,caulking services lincoln ca
caulking services,Davis,caulking services davis ca
caulking services,West Sacramento,caulking services west sacramento ca
caulking services,Rancho Cordova,caulking services rancho cordova ca
caulking services,Fair Oaks,caulking services fair oaks ca
caulking services,Carmichael,caulking services carmichael ca
caulking services,Orangevale,caulking services orangevale ca
caulking services,Granite Bay,caulking services granite bay ca
caulking services,Antelope,caulking services antelope ca
caulking services,Galt,caulking services galt ca
caulking services,Woodland,caulking services woodland ca
caulking services,Placerville,caulking services placerville ca
caulking services,Auburn,caulking services auburn ca
caulking services,Loomis,caulking services loomis ca
caulking services,Colfax,caulking services colfax ca
caulking services,Isleton,caulking services isleton ca
caulking services,Rio Vista,caulking services rio vista ca
caulking services,North Highlands,caulking services north highlands ca
insulation installation,Sacramento,insulation installation sacramento ca
insulation installation,Roseville,insulation installation roseville ca
insulation installation,Folsom,insulation installation folsom ca
insulation installation,Elk Grove,insulation installation elk grove ca
insulation installation,Citrus Heights,insulation installation citrus heights ca
insulation installation,Rocklin,insulation installation rocklin ca
insulation installation,Lincoln,insulation installation lincoln ca
insulation installation,Davis,insulation installation davis ca
insulation installation,West Sacramento,insulation installation west sacramento ca
insulation installation,Rancho Cordova,insulation installation rancho cordova ca
insulation installation,Fair Oaks,insulation installation fair oaks ca
insulation installation,Carmichael,insulation installation carmichael ca
insulation installation,Orangevale,insulation installation orangevale ca
insulation installation,Granite Bay,insulation installation granite bay ca
insulation installation,Antelope,insulation installation antelope ca
insulation installation,Galt,insulation installation galt ca
insulation installation,Woodland,insulation installation woodland ca
insulation installation,Placerville,insulation installation placerville ca
insulation installation,Auburn,insulation installation auburn ca
insulation installation,Loomis,insulation installation loomis ca
insulation installation,Colfax,insulation installation colfax ca
insulation installation,Isleton,insulation installation isleton ca
insulation installation,Rio Vista,insulation installation rio vista ca
insulation installation,North Highlands,insulation installation north highlands ca
blind installation,Sacramento,blind installation sacramento ca
blind installation,Roseville,blind installation roseville ca
blind installation,Folsom,blind installation folsom ca
blind installation,Elk Grove,blind installation elk grove ca
blind installation,Citrus Heights,blind installation citrus heights ca
blind installation,Rocklin,blind installation rocklin ca
blind installation,Lincoln,blind installation lincoln ca
blind installation,Davis,blind installation davis ca
blind installation,West Sacramento,blind installation west sacramento ca
blind installation,Rancho Cordova,blind installation rancho cordova ca
blind installation,Fair Oaks,blind installation fair oaks ca
blind installation,Carmichael,blind installation carmichael ca
blind installation,Orangevale,blind installation orangevale ca
blind installation,Granite Bay,blind installation granite bay ca
blind installation,Antelope,blind installation antelope ca
blind installation,Galt,blind installation galt ca
blind installation,Woodland,blind installation woodland ca
blind installation,Placerville,blind installation placerville ca
blind installation,Auburn,blind installation auburn ca
blind installation,Loomis,blind installation loomis ca
blind installation,Colfax,blind installation colfax ca
blind installation,Isleton,blind installation isleton ca
blind installation,Rio Vista,blind installation rio vista ca
blind installation,North Highlands,blind installation north highlands ca
shelving installation,Sacramento,shelving installation sacramento ca
shelving installation,Roseville,shelving installation roseville ca
shelving installation,Folsom,shelving installation folsom ca
shelving installation,Elk Grove,shelving installation elk grove ca
shelving installation,Citrus Heights,shelving installation citrus heights ca
shelving installation,Rocklin,shelving installation rocklin ca
shelving installation,Lincoln,shelving installation lincoln ca
shelving installation,Davis,shelving installation davis ca
shelving installation,West Sacramento,shelving installation west sacramento ca
shelving installation,Rancho Cordova,shelving installation rancho cordova ca
shelving installation,Fair Oaks,shelving installation fair oaks ca
shelving installation,Carmichael,shelving installation carmichael ca
shelving installation,Orangevale,shelving installation orangevale ca
shelving installation,Granite Bay,shelving installation granite bay ca
shelving installation,Antelope,shelving installation antelope ca
shelving installation,Galt,shelving installation galt ca
shelving installation,Woodland,shelving installation woodland ca
shelving installation,Placerville,shelving installation placerville ca
shelving installation,Auburn,shelving installation auburn ca
shelving installation,Loomis,shelving installation loomis ca
shelving installation,Colfax,shelving installation colfax ca
shelving installation,Isleton,shelving installation isleton ca
shelving installation,Rio Vista,shelving installation rio vista ca
shelving installation,North Highlands,shelving installation north highlands ca
picture hanging,Sacramento,picture hanging sacramento ca
picture hanging,Roseville,picture hanging roseville ca
picture hanging,Folsom,picture hanging folsom ca
picture hanging,Elk Grove,picture hanging elk grove ca
picture hanging,Citrus Heights,picture hanging citrus heights ca
picture hanging,Rocklin,picture hanging rocklin ca
picture hanging,Lincoln,picture hanging lincoln ca
picture hanging,Davis,picture hanging davis ca
picture hanging,West Sacramento,picture hanging west sacramento ca
picture hanging,Rancho Cordova,picture hanging rancho cordova ca
picture hanging,Fair Oaks,picture hanging fair oaks ca
picture hanging,Carmichael,picture hanging carmichael ca
picture hanging,Orangevale,picture hanging orangevale ca
picture hanging,Granite Bay,picture hanging granite bay ca
picture hanging,Antelope,picture hanging antelope ca
picture hanging,Galt,picture hanging galt ca
picture hanging,Woodland,picture hanging woodland ca
picture hanging,Placerville,picture hanging placerville ca
picture hanging,Auburn,picture hanging auburn ca
picture hanging,Loomis,picture hanging loomis ca
picture hanging,Colfax,picture hanging colfax ca
picture hanging,Isleton,picture hanging isleton ca
picture hanging,Rio Vista,picture hanging rio vista ca
picture hanging,North Highlands,picture hanging north highlands ca
fence repair,Sacramento,fence repair sacramento ca
fence repair,Roseville,fence repair roseville ca
fence repair,Folsom,fence repair folsom ca
fence repair,Elk Grove,fence repair elk grove ca
fence repair,Citrus Heights,fence repair citrus heights ca
fence repair,Rocklin,fence repair rocklin ca
fence repair,Lincoln,fence repair lincoln ca
fence repair,Davis,fence repair davis ca
fence repair,West Sacramento,fence repair west sacramento ca
fence repair,Rancho Cordova,fence repair rancho cordova ca
fence repair,Fair Oaks,fence repair fair oaks ca
fence repair,Carmichael,fence repair carmichael ca
fence repair,Orangevale,fence repair orangevale ca
fence repair,Granite Bay,fence repair granite bay ca
fence repair,Antelope,fence repair antelope ca
fence repair,Galt,fence repair galt ca
fence repair,Woodland,fence repair woodland ca
fence repair,Placerville,fence repair placerville ca
fence repair,Auburn,fence repair auburn ca
fence repair,Loomis,fence repair loomis ca
fence repair,Colfax,fence repair colfax ca
fence repair,Isleton,fence repair isleton ca
fence repair,Rio Vista,fence repair rio vista ca
fence repair,North Highlands,fence repair north highlands ca
pet door installation,Sacramento,pet door installation sacramento ca
pet door installation,Roseville,pet door installation roseville ca
pet door installation,Folsom,pet door installation folsom ca
pet door installation,Elk Grove,pet door installation elk grove ca
pet door installation,Citrus Heights,pet door installation citrus heights ca
pet door installation,Rocklin,pet door installation rocklin ca
pet door installation,Lincoln,pet door installation lincoln ca
pet door installation,Davis,pet door installation davis ca
pet door installation,West Sacramento,pet door installation west sacramento ca
pet door installation,Rancho Cordova,pet door installation rancho cordova ca
pet door installation,Fair Oaks,pet door installation fair oaks ca
pet door installation,Carmichael,pet door installation carmichael ca
pet door installation,Orangevale,pet door installation orangevale ca
pet door installation,Granite Bay,pet door installation granite bay ca
pet door installation,Antelope,pet door installation antelope ca
pet door installation,Galt,pet door installation galt ca
pet door installation,Woodland,pet door installation woodland ca
pet door installation,Placerville,pet door installation placerville ca
pet door installation,Auburn,pet door installation auburn ca
pet door installation,Loomis,pet door installation loomis ca
pet door installation,Colfax,pet door installation colfax ca
pet door installation,Isleton,pet door installation isleton ca
pet door installation,Rio Vista,pet door installation rio vista ca
pet door installation,North Highlands,pet door installation north highlands ca
kitchen backsplash installation,Sacramento,kitchen backsplash installation sacramento ca
kitchen backsplash installation,Roseville,kitchen backsplash installation roseville ca
kitchen backsplash installation,Folsom,kitchen backsplash installation folsom ca
kitchen backsplash installation,Elk Grove,kitchen backsplash installation elk grove ca
kitchen backsplash installation,Citrus Heights,kitchen backsplash installation citrus heights ca
kitchen backsplash installation,Rocklin,kitchen backsplash installation rocklin ca
kitchen backsplash installation,Lincoln,kitchen backsplash installation lincoln ca
kitchen backsplash installation,Davis,kitchen backsplash installation davis ca
kitchen backsplash installation,West Sacramento,kitchen backsplash installation west sacramento ca
kitchen backsplash installation,Rancho Cordova,kitchen backsplash installation rancho cordova ca
kitchen backsplash installation,Fair Oaks,kitchen backsplash installation fair oaks ca
kitchen backsplash installation,Carmichael,kitchen backsplash installation carmichael ca
kitchen backsplash installation,Orangevale,kitchen backsplash installation orangevale ca
kitchen backsplash installation,Granite Bay,kitchen backsplash installation granite bay ca
kitchen backsplash installation,Antelope,kitchen backsplash installation antelope ca
kitchen backsplash installation,Galt,kitchen backsplash installation galt ca
kitchen backsplash installation,Woodland,kitchen backsplash installation woodland ca
kitchen backsplash installation,Placerville,kitchen backsplash installation placerville ca
kitchen backsplash installation,Auburn,kitchen backsplash installation auburn ca
kitchen backsplash installation,Loomis,kitchen backsplash installation loomis ca
kitchen backsplash installation,Colfax,kitchen backsplash installation colfax ca
kitchen backsplash installation,Isleton,kitchen backsplash installation isleton ca
kitchen backsplash installation,Rio Vista,kitchen backsplash installation rio vista ca
kitchen backsplash installation,North Highlands,kitchen backsplash installation north highlands ca
baseboard installation,Sacramento,baseboard installation sacramento ca
baseboard installation,Roseville,baseboard installation roseville ca
baseboard installation,Folsom,baseboard installation folsom ca
baseboard installation,Elk Grove,baseboard installation elk grove ca
baseboard installation,Citrus Heights,baseboard installation citrus heights ca
baseboard installation,Rocklin,baseboard installation rocklin ca
baseboard installation,Lincoln,baseboard installation lincoln ca
baseboard installation,Davis,baseboard installation davis ca
baseboard installation,West Sacramento,baseboard installation west sacramento ca
baseboard installation,Rancho Cordova,baseboard installation rancho cordova ca
baseboard installation,Fair Oaks,baseboard installation fair oaks ca
baseboard installation,Carmichael,baseboard installation carmichael ca
baseboard installation,Orangevale,baseboard installation orangevale ca
baseboard installation,Granite Bay,baseboard installation granite bay ca
baseboard installation,Antelope,baseboard installation antelope ca
baseboard installation,Galt,baseboard installation galt ca
baseboard installation,Woodland,baseboard installation woodland ca
baseboard installation,Placerville,baseboard installation placerville ca
baseboard installation,Auburn,baseboard installation auburn ca
baseboard installation,Loomis,baseboard installation loomis ca
baseboard installation,Colfax,baseboard installation colfax ca
baseboard installation,Isleton,baseboard installation isleton ca
baseboard installation,Rio Vista,baseboard installation rio vista ca
baseboard installation,North Highlands,baseboard installation north highlands ca
handrail installation,Sacramento,handrail installation sacramento ca
handrail installation,Roseville,handrail installation roseville ca
handrail installation,Folsom,handrail installation folsom ca
handrail installation,Elk Grove,handrail installation elk grove ca
handrail installation,Citrus Heights,handrail installation citrus heights ca
handrail installation,Rocklin,handrail installation rocklin ca
handrail installation,Lincoln,handrail installation lincoln ca
handrail installation,Davis,handrail installation davis ca
handrail installation,West Sacramento,handrail installation west sacramento ca
handrail installation,Rancho Cordova,handrail installation rancho cordova ca
handrail installation,Fair Oaks,handrail installation fair oaks ca
handrail installation,Carmichael,handrail installation carmichael ca
handrail installation,Orangevale,handrail installation orangevale ca
handrail installation,Granite Bay,handrail installation granite bay ca
handrail installation,Antelope,handrail installation antelope ca
handrail installation,Galt,handrail installation galt ca
handrail installation,Woodland,handrail installation woodland ca
handrail installation,Placerville,handrail installation placerville ca
handrail installation,Auburn,handrail installation auburn ca
handrail installation,Loomis,handrail installation loomis ca
handrail installation,Colfax,handrail installation colfax ca
handrail installation,Isleton,handrail installation isleton ca
handrail installation,Rio Vista,handrail installation rio vista ca
handrail installation,North Highlands,handrail installation north highlands ca
waterproofing services,Sacramento,waterproofing services sacramento ca
waterproofing services,Roseville,waterproofing services roseville ca
waterproofing services,Folsom,waterproofing services folsom ca
waterproofing services,Elk Grove,waterproofing services elk grove ca
waterproofing services,Citrus Heights,waterproofing services citrus heights ca
waterproofing services,Rocklin,waterproofing services rocklin ca
waterproofing services,Lincoln,waterproofing services lincoln ca
waterproofing services,Davis,waterproofing services davis ca
waterproofing services,West Sacramento,waterproofing services west sacramento ca
waterproofing services,Rancho Cordova,waterproofing services rancho cordova ca
waterproofing services,Fair Oaks,waterproofing services fair oaks ca
waterproofing services,Carmichael,waterproofing services carmichael ca
waterproofing services,Orangevale,waterproofing services orangevale ca
waterproofing services,Granite Bay,waterproofing services granite bay ca
waterproofing services,Antelope,waterproofing services antelope ca
waterproofing services,Galt,waterproofing services galt ca
waterproofing services,Woodland,waterproofing services woodland ca
waterproofing services,Placerville,waterproofing services placerville ca
waterproofing services,Auburn,waterproofing services auburn ca
waterproofing services,Loomis,waterproofing services loomis ca
waterproofing services,Colfax,waterproofing services colfax ca
waterproofing services,Isleton,waterproofing services isleton ca
waterproofing services,Rio Vista,waterproofing services rio vista ca
waterproofing services,North Highlands,waterproofing services north highlands ca
